sport,field_name,entity_level,required_columns,example_row,validation_rules,cutoff_safe_requirement,source_required,source_url_hash_required,notes
"mlb","game_id","market","source_url_hash,validated_value,validated_at,source_id","{""field_name"": ""game_id"", ""source_url_hash"": ""sha256(url)"", ""sport"": ""mlb"", ""validated_value"": ""example""}","must match approved source metadata; no raw payloads","true for pregame/context fields; explicit cutoff for in-season fields","market_odds_blocked","sha256(source_url)","request paid retrieval approval and re-run discovery"
"mlb","season","team","source_url_hash,validated_value,validated_at,source_id","{""field_name"": ""season"", ""source_url_hash"": ""sha256(url)"", ""sport"": ""mlb"", ""validated_value"": ""example""}","must match approved source metadata; no raw payloads","true for pregame/context fields; explicit cutoff for in-season fields","manual_csv_import","sha256(source_url)","create manual import template and request curated input"
"mlb","event_date","team","source_url_hash,validated_value,validated_at,source_id","{""field_name"": ""event_date"", ""source_url_hash"": ""sha256(url)"", ""sport"": ""mlb"", ""validated_value"": ""example""}","must match approved source metadata; no raw payloads","true for pregame/context fields; explicit cutoff for in-season fields","manual_csv_import","sha256(source_url)","create manual import template and request curated input"
"mlb","home_team","game","source_url_hash,validated_value,validated_at,source_id","{""field_name"": ""home_team"", ""source_url_hash"": ""sha256(url)"", ""sport"": ""mlb"", ""validated_value"": ""example""}","must match approved source metadata; no raw payloads","true for pregame/context fields; explicit cutoff for in-season fields","retrosheet_game_logs","sha256(source_url)","promote validated rows into the completed field catalog"
"mlb","away_team","game","source_url_hash,validated_value,validated_at,source_id","{""field_name"": ""away_team"", ""source_url_hash"": ""sha256(url)"", ""sport"": ""mlb"", ""validated_value"": ""example""}","must match approved source metadata; no raw payloads","true for pregame/context fields; explicit cutoff for in-season fields","retrosheet_game_logs","sha256(source_url)","promote validated rows into the completed field catalog"
"mlb","home_score","game","source_url_hash,validated_value,validated_at,source_id","{""field_name"": ""home_score"", ""source_url_hash"": ""sha256(url)"", ""sport"": ""mlb"", ""validated_value"": ""example""}","must match approved source metadata; no raw payloads","true for pregame/context fields; explicit cutoff for in-season fields","retrosheet_game_logs","sha256(source_url)","promote validated rows into the completed field catalog"
"mlb","away_score","game","source_url_hash,validated_value,validated_at,source_id","{""field_name"": ""away_score"", ""source_url_hash"": ""sha256(url)"", ""sport"": ""mlb"", ""validated_value"": ""example""}","must match approved source metadata; no raw payloads","true for pregame/context fields; explicit cutoff for in-season fields","retrosheet_game_logs","sha256(source_url)","promote validated rows into the completed field catalog"
"mlb","winner","game","source_url_hash,validated_value,validated_at,source_id","{""field_name"": ""winner"", ""source_url_hash"": ""sha256(url)"", ""sport"": ""mlb"", ""validated_value"": ""example""}","must match approved source metadata; no raw payloads","true for pregame/context fields; explicit cutoff for in-season fields","retrosheet_schedules_results","sha256(source_url)","promote validated rows into the completed field catalog"
"mlb","final_result","game","source_url_hash,validated_value,validated_at,source_id","{""field_name"": ""final_result"", ""source_url_hash"": ""sha256(url)"", ""sport"": ""mlb"", ""validated_value"": ""example""}","must match approved source metadata; no raw payloads","true for pregame/context fields; explicit cutoff for in-season fields","retrosheet_schedules_results","sha256(source_url)","promote validated rows into the completed field catalog"
"mlb","game_type","season","source_url_hash,validated_value,validated_at,source_id","{""field_name"": ""game_type"", ""source_url_hash"": ""sha256(url)"", ""sport"": ""mlb"", ""validated_value"": ""example""}","must match approved source metadata; no raw payloads","true for pregame/context fields; explicit cutoff for in-season fields","postseason_labels_retrosheet","sha256(source_url)","promote validated rows into the completed field catalog"
"mlb","attendance","game","source_url_hash,validated_value,validated_at,source_id","{""field_name"": ""attendance"", ""source_url_hash"": ""sha256(url)"", ""sport"": ""mlb"", ""validated_value"": ""example""}","must match approved source metadata; no raw payloads","true for pregame/context fields; explicit cutoff for in-season fields","retrosheet_game_logs","sha256(source_url)","promote validated rows into the completed field catalog"
"mlb","venue","game","source_url_hash,validated_value,validated_at,source_id","{""field_name"": ""venue"", ""source_url_hash"": ""sha256(url)"", ""sport"": ""mlb"", ""validated_value"": ""example""}","must match approved source metadata; no raw payloads","true for pregame/context fields; explicit cutoff for in-season fields","retrosheet_game_logs","sha256(source_url)","refactor schema aliases and revalidate against existing rows"
"mlb","play_id","play","source_url_hash,validated_value,validated_at,source_id","{""field_name"": ""play_id"", ""source_url_hash"": ""sha256(url)"", ""sport"": ""mlb"", ""validated_value"": ""example""}","must match approved source metadata; no raw payloads","true for pregame/context fields; explicit cutoff for in-season fields","retrosheet_play_by_play_events","sha256(source_url)","promote validated rows into the completed field catalog"
"mlb","inning","game","source_url_hash,validated_value,validated_at,source_id","{""field_name"": ""inning"", ""source_url_hash"": ""sha256(url)"", ""sport"": ""mlb"", ""validated_value"": ""example""}","must match approved source metadata; no raw payloads","true for pregame/context fields; explicit cutoff for in-season fields","defensive_positions_mlb_stats_api","sha256(source_url)","refactor schema aliases and revalidate against existing rows"
"mlb","batting_team","play","source_url_hash,validated_value,validated_at,source_id","{""field_name"": ""batting_team"", ""source_url_hash"": ""sha256(url)"", ""sport"": ""mlb"", ""validated_value"": ""example""}","must match approved source metadata; no raw payloads","true for pregame/context fields; explicit cutoff for in-season fields","retrosheet_play_by_play_events","sha256(source_url)","refactor schema aliases and revalidate against existing rows"
"mlb","fielding_team","play","source_url_hash,validated_value,validated_at,source_id","{""field_name"": ""fielding_team"", ""source_url_hash"": ""sha256(url)"", ""sport"": ""mlb"", ""validated_value"": ""example""}","must match approved source metadata; no raw payloads","true for pregame/context fields; explicit cutoff for in-season fields","retrosheet_play_by_play_events","sha256(source_url)","refactor schema aliases and revalidate against existing rows"
"mlb","batter_id","play","source_url_hash,validated_value,validated_at,source_id","{""field_name"": ""batter_id"", ""source_url_hash"": ""sha256(url)"", ""sport"": ""mlb"", ""validated_value"": ""example""}","must match approved source metadata; no raw payloads","true for pregame/context fields; explicit cutoff for in-season fields","retrosheet_play_by_play_events","sha256(source_url)","promote validated rows into the completed field catalog"
"mlb","pitcher_id","play","source_url_hash,validated_value,validated_at,source_id","{""field_name"": ""pitcher_id"", ""source_url_hash"": ""sha256(url)"", ""sport"": ""mlb"", ""validated_value"": ""example""}","must match approved source metadata; no raw payloads","true for pregame/context fields; explicit cutoff for in-season fields","retrosheet_play_by_play_events","sha256(source_url)","promote validated rows into the completed field catalog"
"mlb","event_type","play","source_url_hash,validated_value,validated_at,source_id","{""field_name"": ""event_type"", ""source_url_hash"": ""sha256(url)"", ""sport"": ""mlb"", ""validated_value"": ""example""}","must match approved source metadata; no raw payloads","true for pregame/context fields; explicit cutoff for in-season fields","retrosheet_play_by_play_events","sha256(source_url)","promote validated rows into the completed field catalog"
"mlb","runs_scored","game","source_url_hash,validated_value,validated_at,source_id","{""field_name"": ""runs_scored"", ""source_url_hash"": ""sha256(url)"", ""sport"": ""mlb"", ""validated_value"": ""example""}","must match approved source metadata; no raw payloads","true for pregame/context fields; explicit cutoff for in-season fields","standings_mlb_stats_api","sha256(source_url)","promote validated rows into the completed field catalog"
"mlb","game_pk","game","source_url_hash,validated_value,validated_at,source_id","{""field_name"": ""game_pk"", ""source_url_hash"": ""sha256(url)"", ""sport"": ""mlb"", ""validated_value"": ""example""}","must match approved source metadata; no raw payloads","true for pregame/context fields; explicit cutoff for in-season fields","statcast_batted_ball_research_lane","sha256(source_url)","keep source disabled and use approved alternatives only"
"mlb","at_bat_number","player","source_url_hash,validated_value,validated_at,source_id","{""field_name"": ""at_bat_number"", ""source_url_hash"": ""sha256(url)"", ""sport"": ""mlb"", ""validated_value"": ""example""}","must match approved source metadata; no raw payloads","true for pregame/context fields; explicit cutoff for in-season fields","pitch_by_pitch_research_lane","sha256(source_url)","keep source disabled and use approved alternatives only"
"mlb","pitch_number","player","source_url_hash,validated_value,validated_at,source_id","{""field_name"": ""pitch_number"", ""source_url_hash"": ""sha256(url)"", ""sport"": ""mlb"", ""validated_value"": ""example""}","must match approved source metadata; no raw payloads","true for pregame/context fields; explicit cutoff for in-season fields","pitch_by_pitch_research_lane","sha256(source_url)","keep source disabled and use approved alternatives only"
"mlb","pitcher","player","source_url_hash,validated_value,validated_at,source_id","{""field_name"": ""pitcher"", ""source_url_hash"": ""sha256(url)"", ""sport"": ""mlb"", ""validated_value"": ""example""}","must match approved source metadata; no raw payloads","true for pregame/context fields; explicit cutoff for in-season fields","pitch_by_pitch_research_lane","sha256(source_url)","keep source disabled and use approved alternatives only"
"mlb","batter","game","source_url_hash,validated_value,validated_at,source_id","{""field_name"": ""batter"", ""source_url_hash"": ""sha256(url)"", ""sport"": ""mlb"", ""validated_value"": ""example""}","must match approved source metadata; no raw payloads","true for pregame/context fields; explicit cutoff for in-season fields","statcast_batted_ball_research_lane","sha256(source_url)","keep source disabled and use approved alternatives only"
"mlb","pitch_type","player","source_url_hash,validated_value,validated_at,source_id","{""field_name"": ""pitch_type"", ""source_url_hash"": ""sha256(url)"", ""sport"": ""mlb"", ""validated_value"": ""example""}","must match approved source metadata; no raw payloads","true for pregame/context fields; explicit cutoff for in-season fields","pitch_by_pitch_research_lane","sha256(source_url)","keep source disabled and use approved alternatives only"
"mlb","release_speed","player","source_url_hash,validated_value,validated_at,source_id","{""field_name"": ""release_speed"", ""source_url_hash"": ""sha256(url)"", ""sport"": ""mlb"", ""validated_value"": ""example""}","must match approved source metadata; no raw payloads","true for pregame/context fields; explicit cutoff for in-season fields","pitch_by_pitch_research_lane","sha256(source_url)","keep source disabled and use approved alternatives only"
"mlb","plate_x","player","source_url_hash,validated_value,validated_at,source_id","{""field_name"": ""plate_x"", ""source_url_hash"": ""sha256(url)"", ""sport"": ""mlb"", ""validated_value"": ""example""}","must match approved source metadata; no raw payloads","true for pregame/context fields; explicit cutoff for in-season fields","pitch_by_pitch_research_lane","sha256(source_url)","keep source disabled and use approved alternatives only"
"mlb","plate_z","player","source_url_hash,validated_value,validated_at,source_id","{""field_name"": ""plate_z"", ""source_url_hash"": ""sha256(url)"", ""sport"": ""mlb"", ""validated_value"": ""example""}","must match approved source metadata; no raw payloads","true for pregame/context fields; explicit cutoff for in-season fields","pitch_by_pitch_research_lane","sha256(source_url)","keep source disabled and use approved alternatives only"
"mlb","description","team","source_url_hash,validated_value,validated_at,source_id","{""field_name"": ""description"", ""source_url_hash"": ""sha256(url)"", ""sport"": ""mlb"", ""validated_value"": ""example""}","must match approved source metadata; no raw payloads","true for pregame/context fields; explicit cutoff for in-season fields","structured_wiki_seed","sha256(source_url)","create manual import template and request curated input"
"mlb","playerID","game","source_url_hash,validated_value,validated_at,source_id","{""field_name"": ""playerID"", ""source_url_hash"": ""sha256(url)"", ""sport"": ""mlb"", ""validated_value"": ""example""}","must match approved source metadata; no raw payloads","true for pregame/context fields; explicit cutoff for in-season fields","minor_league_links_chadwick","sha256(source_url)","refactor schema aliases and revalidate against existing rows"
"mlb","yearID","team","source_url_hash,validated_value,validated_at,source_id","{""field_name"": ""yearID"", ""source_url_hash"": ""sha256(url)"", ""sport"": ""mlb"", ""validated_value"": ""example""}","must match approved source metadata; no raw payloads","true for pregame/context fields; explicit cutoff for in-season fields","draft_lahman","sha256(source_url)","create manual import template and request curated input"
"mlb","stint","player","source_url_hash,validated_value,validated_at,source_id","{""field_name"": ""stint"", ""source_url_hash"": ""sha256(url)"", ""sport"": ""mlb"", ""validated_value"": ""example""}","must match approved source metadata; no raw payloads","true for pregame/context fields; explicit cutoff for in-season fields","pitching_stats_lahman","sha256(source_url)","promote validated rows into the completed field catalog"
"mlb","teamID","team","source_url_hash,validated_value,validated_at,source_id","{""field_name"": ""teamID"", ""source_url_hash"": ""sha256(url)"", ""sport"": ""mlb"", ""validated_value"": ""example""}","must match approved source metadata; no raw payloads","true for pregame/context fields; explicit cutoff for in-season fields","draft_lahman","sha256(source_url)","create manual import template and request curated input"
"mlb","AB","player","source_url_hash,validated_value,validated_at,source_id","{""field_name"": ""AB"", ""source_url_hash"": ""sha256(url)"", ""sport"": ""mlb"", ""validated_value"": ""example""}","must match approved source metadata; no raw payloads","true for pregame/context fields; explicit cutoff for in-season fields","batting_stats_lahman","sha256(source_url)","promote validated rows into the completed field catalog"
"mlb","H","player","source_url_hash,validated_value,validated_at,source_id","{""field_name"": ""H"", ""source_url_hash"": ""sha256(url)"", ""sport"": ""mlb"", ""validated_value"": ""example""}","must match approved source metadata; no raw payloads","true for pregame/context fields; explicit cutoff for in-season fields","batting_stats_lahman","sha256(source_url)","promote validated rows into the completed field catalog"
"mlb","HR","game","source_url_hash,validated_value,validated_at,source_id","{""field_name"": ""HR"", ""source_url_hash"": ""sha256(url)"", ""sport"": ""mlb"", ""validated_value"": ""example""}","must match approved source metadata; no raw payloads","true for pregame/context fields; explicit cutoff for in-season fields","team_stats_lahman","sha256(source_url)","promote validated rows into the completed field catalog"
"mlb","RBI","player","source_url_hash,validated_value,validated_at,source_id","{""field_name"": ""RBI"", ""source_url_hash"": ""sha256(url)"", ""sport"": ""mlb"", ""validated_value"": ""example""}","must match approved source metadata; no raw payloads","true for pregame/context fields; explicit cutoff for in-season fields","batting_stats_lahman","sha256(source_url)","promote validated rows into the completed field catalog"
"mlb","BB","game","source_url_hash,validated_value,validated_at,source_id","{""field_name"": ""BB"", ""source_url_hash"": ""sha256(url)"", ""sport"": ""mlb"", ""validated_value"": ""example""}","must match approved source metadata; no raw payloads","true for pregame/context fields; explicit cutoff for in-season fields","team_stats_lahman","sha256(source_url)","promote validated rows into the completed field catalog"
"mlb","SO","game","source_url_hash,validated_value,validated_at,source_id","{""field_name"": ""SO"", ""source_url_hash"": ""sha256(url)"", ""sport"": ""mlb"", ""validated_value"": ""example""}","must match approved source metadata; no raw payloads","true for pregame/context fields; explicit cutoff for in-season fields","team_stats_lahman","sha256(source_url)","promote validated rows into the completed field catalog"
"mlb","W","game","source_url_hash,validated_value,validated_at,source_id","{""field_name"": ""W"", ""source_url_hash"": ""sha256(url)"", ""sport"": ""mlb"", ""validated_value"": ""example""}","must match approved source metadata; no raw payloads","true for pregame/context fields; explicit cutoff for in-season fields","team_stats_lahman","sha256(source_url)","promote validated rows into the completed field catalog"
"mlb","L","game","source_url_hash,validated_value,validated_at,source_id","{""field_name"": ""L"", ""source_url_hash"": ""sha256(url)"", ""sport"": ""mlb"", ""validated_value"": ""example""}","must match approved source metadata; no raw payloads","true for pregame/context fields; explicit cutoff for in-season fields","team_stats_lahman","sha256(source_url)","promote validated rows into the completed field catalog"
"mlb","ERA","player","source_url_hash,validated_value,validated_at,source_id","{""field_name"": ""ERA"", ""source_url_hash"": ""sha256(url)"", ""sport"": ""mlb"", ""validated_value"": ""example""}","must match approved source metadata; no raw payloads","true for pregame/context fields; explicit cutoff for in-season fields","pitching_stats_lahman","sha256(source_url)","promote validated rows into the completed field catalog"
"mlb","G","game","source_url_hash,validated_value,validated_at,source_id","{""field_name"": ""G"", ""source_url_hash"": ""sha256(url)"", ""sport"": ""mlb"", ""validated_value"": ""example""}","must match approved source metadata; no raw payloads","true for pregame/context fields; explicit cutoff for in-season fields","fielding_stats_lahman","sha256(source_url)","promote validated rows into the completed field catalog"
"mlb","GS","game","source_url_hash,validated_value,validated_at,source_id","{""field_name"": ""GS"", ""source_url_hash"": ""sha256(url)"", ""sport"": ""mlb"", ""validated_value"": ""example""}","must match approved source metadata; no raw payloads","true for pregame/context fields; explicit cutoff for in-season fields","fielding_stats_lahman","sha256(source_url)","promote validated rows into the completed field catalog"
"mlb","IPouts","player","source_url_hash,validated_value,validated_at,source_id","{""field_name"": ""IPouts"", ""source_url_hash"": ""sha256(url)"", ""sport"": ""mlb"", ""validated_value"": ""example""}","must match approved source metadata; no raw payloads","true for pregame/context fields; explicit cutoff for in-season fields","pitching_stats_lahman","sha256(source_url)","promote validated rows into the completed field catalog"
"mlb","pos","game","source_url_hash,validated_value,validated_at,source_id","{""field_name"": ""pos"", ""source_url_hash"": ""sha256(url)"", ""sport"": ""mlb"", ""validated_value"": ""example""}","must match approved source metadata; no raw payloads","true for pregame/context fields; explicit cutoff for in-season fields","fielding_stats_lahman","sha256(source_url)","refactor schema aliases and revalidate against existing rows"
"mlb","InnOuts","game","source_url_hash,validated_value,validated_at,source_id","{""field_name"": ""InnOuts"", ""source_url_hash"": ""sha256(url)"", ""sport"": ""mlb"", ""validated_value"": ""example""}","must match approved source metadata; no raw payloads","true for pregame/context fields; explicit cutoff for in-season fields","fielding_stats_lahman","sha256(source_url)","promote validated rows into the completed field catalog"
"mlb","PO","game","source_url_hash,validated_value,validated_at,source_id","{""field_name"": ""PO"", ""source_url_hash"": ""sha256(url)"", ""sport"": ""mlb"", ""validated_value"": ""example""}","must match approved source metadata; no raw payloads","true for pregame/context fields; explicit cutoff for in-season fields","fielding_stats_lahman","sha256(source_url)","promote validated rows into the completed field catalog"
"mlb","A","game","source_url_hash,validated_value,validated_at,source_id","{""field_name"": ""A"", ""source_url_hash"": ""sha256(url)"", ""sport"": ""mlb"", ""validated_value"": ""example""}","must match approved source metadata; no raw payloads","true for pregame/context fields; explicit cutoff for in-season fields","fielding_stats_lahman","sha256(source_url)","promote validated rows into the completed field catalog"
"mlb","E","game","source_url_hash,validated_value,validated_at,source_id","{""field_name"": ""E"", ""source_url_hash"": ""sha256(url)"", ""sport"": ""mlb"", ""validated_value"": ""example""}","must match approved source metadata; no raw payloads","true for pregame/context fields; explicit cutoff for in-season fields","fielding_stats_lahman","sha256(source_url)","promote validated rows into the completed field catalog"
"mlb","R","game","source_url_hash,validated_value,validated_at,source_id","{""field_name"": ""R"", ""source_url_hash"": ""sha256(url)"", ""sport"": ""mlb"", ""validated_value"": ""example""}","must match approved source metadata; no raw payloads","true for pregame/context fields; explicit cutoff for in-season fields","team_stats_lahman","sha256(source_url)","promote validated rows into the completed field catalog"
"mlb","RA","game","source_url_hash,validated_value,validated_at,source_id","{""field_name"": ""RA"", ""source_url_hash"": ""sha256(url)"", ""sport"": ""mlb"", ""validated_value"": ""example""}","must match approved source metadata; no raw payloads","true for pregame/context fields; explicit cutoff for in-season fields","team_stats_lahman","sha256(source_url)","promote validated rows into the completed field catalog"
"mlb","birthYear","game","source_url_hash,validated_value,validated_at,source_id","{""field_name"": ""birthYear"", ""source_url_hash"": ""sha256(url)"", ""sport"": ""mlb"", ""validated_value"": ""example""}","must match approved source metadata; no raw payloads","true for pregame/context fields; explicit cutoff for in-season fields","player_master_lahman","sha256(source_url)","promote validated rows into the completed field catalog"
"mlb","birthMonth","game","source_url_hash,validated_value,validated_at,source_id","{""field_name"": ""birthMonth"", ""source_url_hash"": ""sha256(url)"", ""sport"": ""mlb"", ""validated_value"": ""example""}","must match approved source metadata; no raw payloads","true for pregame/context fields; explicit cutoff for in-season fields","player_master_lahman","sha256(source_url)","promote validated rows into the completed field catalog"
"mlb","birthDay","game","source_url_hash,validated_value,validated_at,source_id","{""field_name"": ""birthDay"", ""source_url_hash"": ""sha256(url)"", ""sport"": ""mlb"", ""validated_value"": ""example""}","must match approved source metadata; no raw payloads","true for pregame/context fields; explicit cutoff for in-season fields","player_master_lahman","sha256(source_url)","promote validated rows into the completed field catalog"
"mlb","nameFirst","game","source_url_hash,validated_value,validated_at,source_id","{""field_name"": ""nameFirst"", ""source_url_hash"": ""sha256(url)"", ""sport"": ""mlb"", ""validated_value"": ""example""}","must match approved source metadata; no raw payloads","true for pregame/context fields; explicit cutoff for in-season fields","player_master_lahman","sha256(source_url)","promote validated rows into the completed field catalog"
"mlb","nameLast","game","source_url_hash,validated_value,validated_at,source_id","{""field_name"": ""nameLast"", ""source_url_hash"": ""sha256(url)"", ""sport"": ""mlb"", ""validated_value"": ""example""}","must match approved source metadata; no raw payloads","true for pregame/context fields; explicit cutoff for in-season fields","player_master_lahman","sha256(source_url)","promote validated rows into the completed field catalog"
"mlb","debut","game","source_url_hash,validated_value,validated_at,source_id","{""field_name"": ""debut"", ""source_url_hash"": ""sha256(url)"", ""sport"": ""mlb"", ""validated_value"": ""example""}","must match approved source metadata; no raw payloads","true for pregame/context fields; explicit cutoff for in-season fields","player_master_lahman","sha256(source_url)","promote validated rows into the completed field catalog"
"mlb","finalGame","game","source_url_hash,validated_value,validated_at,source_id","{""field_name"": ""finalGame"", ""source_url_hash"": ""sha256(url)"", ""sport"": ""mlb"", ""validated_value"": ""example""}","must match approved source metadata; no raw payloads","true for pregame/context fields; explicit cutoff for in-season fields","player_master_lahman","sha256(source_url)","promote validated rows into the completed field catalog"
"mlb","team_id","staff","source_url_hash,validated_value,validated_at,source_id","{""field_name"": ""team_id"", ""source_url_hash"": ""sha256(url)"", ""sport"": ""mlb"", ""validated_value"": ""example""}","must match approved source metadata; no raw payloads","true for pregame/context fields; explicit cutoff for in-season fields","managers_coaches_mlb_stats_api","sha256(source_url)","create manual import template and request curated input"
"mlb","player_id","team","source_url_hash,validated_value,validated_at,source_id","{""field_name"": ""player_id"", ""source_url_hash"": ""sha256(url)"", ""sport"": ""mlb"", ""validated_value"": ""example""}","must match approved source metadata; no raw payloads","true for pregame/context fields; explicit cutoff for in-season fields","manual_csv_import","sha256(source_url)","create manual import template and request curated input"
"mlb","status","game","source_url_hash,validated_value,validated_at,source_id","{""field_name"": ""status"", ""source_url_hash"": ""sha256(url)"", ""sport"": ""mlb"", ""validated_value"": ""example""}","must match approved source metadata; no raw payloads","true for pregame/context fields; explicit cutoff for in-season fields","lineups_mlb_stats_api","sha256(source_url)","promote validated rows into the completed field catalog"
"mlb","jersey_number","player","source_url_hash,validated_value,validated_at,source_id","{""field_name"": ""jersey_number"", ""source_url_hash"": ""sha256(url)"", ""sport"": ""mlb"", ""validated_value"": ""example""}","must match approved source metadata; no raw payloads","true for pregame/context fields; explicit cutoff for in-season fields","rosters_mlb_stats_api","sha256(source_url)","promote validated rows into the completed field catalog"
"mlb","position","official","source_url_hash,validated_value,validated_at,source_id","{""field_name"": ""position"", ""source_url_hash"": ""sha256(url)"", ""sport"": ""mlb"", ""validated_value"": ""example""}","must match approved source metadata; no raw payloads","true for pregame/context fields; explicit cutoff for in-season fields","umpires_officials_mlb_stats_api","sha256(source_url)","promote validated rows into the completed field catalog"
"mlb","full_name","player","source_url_hash,validated_value,validated_at,source_id","{""field_name"": ""full_name"", ""source_url_hash"": ""sha256(url)"", ""sport"": ""mlb"", ""validated_value"": ""example""}","must match approved source metadata; no raw payloads","true for pregame/context fields; explicit cutoff for in-season fields","rosters_mlb_stats_api","sha256(source_url)","promote validated rows into the completed field catalog"
"mlb","bat_side","player","source_url_hash,validated_value,validated_at,source_id","{""field_name"": ""bat_side"", ""source_url_hash"": ""sha256(url)"", ""sport"": ""mlb"", ""validated_value"": ""example""}","must match approved source metadata; no raw payloads","true for pregame/context fields; explicit cutoff for in-season fields","rosters_mlb_stats_api","sha256(source_url)","refactor schema aliases and revalidate against existing rows"
"mlb","pitch_hand","player","source_url_hash,validated_value,validated_at,source_id","{""field_name"": ""pitch_hand"", ""source_url_hash"": ""sha256(url)"", ""sport"": ""mlb"", ""validated_value"": ""example""}","must match approved source metadata; no raw payloads","true for pregame/context fields; explicit cutoff for in-season fields","rosters_mlb_stats_api","sha256(source_url)","refactor schema aliases and revalidate against existing rows"
"mlb","transaction_id","game","source_url_hash,validated_value,validated_at,source_id","{""field_name"": ""transaction_id"", ""source_url_hash"": ""sha256(url)"", ""sport"": ""mlb"", ""validated_value"": ""example""}","must match approved source metadata; no raw payloads","true for pregame/context fields; explicit cutoff for in-season fields","transactions_mlb_stats_api","sha256(source_url)","promote validated rows into the completed field catalog"
"mlb","date","market","source_url_hash,validated_value,validated_at,source_id","{""field_name"": ""date"", ""source_url_hash"": ""sha256(url)"", ""sport"": ""mlb"", ""validated_value"": ""example""}","must match approved source metadata; no raw payloads","true for pregame/context fields; explicit cutoff for in-season fields","market_odds_blocked","sha256(source_url)","request paid retrieval approval and re-run discovery"
"mlb","type","game","source_url_hash,validated_value,validated_at,source_id","{""field_name"": ""type"", ""source_url_hash"": ""sha256(url)"", ""sport"": ""mlb"", ""validated_value"": ""example""}","must match approved source metadata; no raw payloads","true for pregame/context fields; explicit cutoff for in-season fields","transactions_mlb_stats_api","sha256(source_url)","promote validated rows into the completed field catalog"
"mlb","report_date","game","source_url_hash,validated_value,validated_at,source_id","{""field_name"": ""report_date"", ""source_url_hash"": ""sha256(url)"", ""sport"": ""mlb"", ""validated_value"": ""example""}","must match approved source metadata; no raw payloads","true for pregame/context fields; explicit cutoff for in-season fields","injuries_mlb_stats_api","sha256(source_url)","refactor schema aliases and revalidate against existing rows"
"mlb","injury_note","game","source_url_hash,validated_value,validated_at,source_id","{""field_name"": ""injury_note"", ""source_url_hash"": ""sha256(url)"", ""sport"": ""mlb"", ""validated_value"": ""example""}","must match approved source metadata; no raw payloads","true for pregame/context fields; explicit cutoff for in-season fields","injuries_mlb_stats_api","sha256(source_url)","refactor schema aliases and revalidate against existing rows"
"mlb","expected_return","game","source_url_hash,validated_value,validated_at,source_id","{""field_name"": ""expected_return"", ""source_url_hash"": ""sha256(url)"", ""sport"": ""mlb"", ""validated_value"": ""example""}","must match approved source metadata; no raw payloads","true for pregame/context fields; explicit cutoff for in-season fields","injuries_mlb_stats_api","sha256(source_url)","refactor schema aliases and revalidate against existing rows"
"mlb","batting_order","game","source_url_hash,validated_value,validated_at,source_id","{""field_name"": ""batting_order"", ""source_url_hash"": ""sha256(url)"", ""sport"": ""mlb"", ""validated_value"": ""example""}","must match approved source metadata; no raw payloads","true for pregame/context fields; explicit cutoff for in-season fields","lineups_mlb_stats_api","sha256(source_url)","promote validated rows into the completed field catalog"
"mlb","probable","player","source_url_hash,validated_value,validated_at,source_id","{""field_name"": ""probable"", ""source_url_hash"": ""sha256(url)"", ""sport"": ""mlb"", ""validated_value"": ""example""}","must match approved source metadata; no raw payloads","true for pregame/context fields; explicit cutoff for in-season fields","probable_pitchers_mlb_stats_api","sha256(source_url)","promote validated rows into the completed field catalog"
"mlb","hand","player","source_url_hash,validated_value,validated_at,source_id","{""field_name"": ""hand"", ""source_url_hash"": ""sha256(url)"", ""sport"": ""mlb"", ""validated_value"": ""example""}","must match approved source metadata; no raw payloads","true for pregame/context fields; explicit cutoff for in-season fields","probable_pitchers_mlb_stats_api","sha256(source_url)","refactor schema aliases and revalidate against existing rows"
"mlb","game_date","venue","source_url_hash,validated_value,validated_at,source_id","{""field_name"": ""game_date"", ""source_url_hash"": ""sha256(url)"", ""sport"": ""mlb"", ""validated_value"": ""example""}","must match approved source metadata; no raw payloads","true for pregame/context fields; explicit cutoff for in-season fields","weather_mlb_stats_api","sha256(source_url)","promote validated rows into the completed field catalog"
"mlb","start_flag","player","source_url_hash,validated_value,validated_at,source_id","{""field_name"": ""start_flag"", ""source_url_hash"": ""sha256(url)"", ""sport"": ""mlb"", ""validated_value"": ""example""}","must match approved source metadata; no raw payloads","true for pregame/context fields; explicit cutoff for in-season fields","starting_pitchers_mlb_stats_api","sha256(source_url)","promote validated rows into the completed field catalog"
"mlb","innings_pitched","game","source_url_hash,validated_value,validated_at,source_id","{""field_name"": ""innings_pitched"", ""source_url_hash"": ""sha256(url)"", ""sport"": ""mlb"", ""validated_value"": ""example""}","must match approved source metadata; no raw payloads","true for pregame/context fields; explicit cutoff for in-season fields","bullpen_usage_mlb_stats_api","sha256(source_url)","promote validated rows into the completed field catalog"
"mlb","pitch_count","game","source_url_hash,validated_value,validated_at,source_id","{""field_name"": ""pitch_count"", ""source_url_hash"": ""sha256(url)"", ""sport"": ""mlb"", ""validated_value"": ""example""}","must match approved source metadata; no raw payloads","true for pregame/context fields; explicit cutoff for in-season fields","bullpen_usage_mlb_stats_api","sha256(source_url)","promote validated rows into the completed field catalog"
"mlb","relief_flag","game","source_url_hash,validated_value,validated_at,source_id","{""field_name"": ""relief_flag"", ""source_url_hash"": ""sha256(url)"", ""sport"": ""mlb"", ""validated_value"": ""example""}","must match approved source metadata; no raw payloads","true for pregame/context fields; explicit cutoff for in-season fields","bullpen_usage_mlb_stats_api","sha256(source_url)","promote validated rows into the completed field catalog"
"mlb","save_opportunity","game","source_url_hash,validated_value,validated_at,source_id","{""field_name"": ""save_opportunity"", ""source_url_hash"": ""sha256(url)"", ""sport"": ""mlb"", ""validated_value"": ""example""}","must match approved source metadata; no raw payloads","true for pregame/context fields; explicit cutoff for in-season fields","bullpen_usage_mlb_stats_api","sha256(source_url)","promote validated rows into the completed field catalog"
"mlb","fielding_position","game","source_url_hash,validated_value,validated_at,source_id","{""field_name"": ""fielding_position"", ""source_url_hash"": ""sha256(url)"", ""sport"": ""mlb"", ""validated_value"": ""example""}","must match approved source metadata; no raw payloads","true for pregame/context fields; explicit cutoff for in-season fields","defensive_positions_mlb_stats_api","sha256(source_url)","refactor schema aliases and revalidate against existing rows"
"mlb","park_id","venue","source_url_hash,validated_value,validated_at,source_id","{""field_name"": ""park_id"", ""source_url_hash"": ""sha256(url)"", ""sport"": ""mlb"", ""validated_value"": ""example""}","must match approved source metadata; no raw payloads","true for pregame/context fields; explicit cutoff for in-season fields","stadiums_lahman","sha256(source_url)","promote validated rows into the completed field catalog"
"mlb","park_name","venue","source_url_hash,validated_value,validated_at,source_id","{""field_name"": ""park_name"", ""source_url_hash"": ""sha256(url)"", ""sport"": ""mlb"", ""validated_value"": ""example""}","must match approved source metadata; no raw payloads","true for pregame/context fields; explicit cutoff for in-season fields","stadiums_lahman","sha256(source_url)","promote validated rows into the completed field catalog"
"mlb","runs_factor","venue","source_url_hash,validated_value,validated_at,source_id","{""field_name"": ""runs_factor"", ""source_url_hash"": ""sha256(url)"", ""sport"": ""mlb"", ""validated_value"": ""example""}","must match approved source metadata; no raw payloads","true for pregame/context fields; explicit cutoff for in-season fields","park_factors_lahman","sha256(source_url)","refactor schema aliases and revalidate against existing rows"
"mlb","hr_factor","venue","source_url_hash,validated_value,validated_at,source_id","{""field_name"": ""hr_factor"", ""source_url_hash"": ""sha256(url)"", ""sport"": ""mlb"", ""validated_value"": ""example""}","must match approved source metadata; no raw payloads","true for pregame/context fields; explicit cutoff for in-season fields","park_factors_lahman","sha256(source_url)","refactor schema aliases and revalidate against existing rows"
"mlb","latitude","team","source_url_hash,validated_value,validated_at,source_id","{""field_name"": ""latitude"", ""source_url_hash"": ""sha256(url)"", ""sport"": ""mlb"", ""validated_value"": ""example""}","must match approved source metadata; no raw payloads","true for pregame/context fields; explicit cutoff for in-season fields","structured_wiki_seed","sha256(source_url)","create manual import template and request curated input"
"mlb","longitude","team","source_url_hash,validated_value,validated_at,source_id","{""field_name"": ""longitude"", ""source_url_hash"": ""sha256(url)"", ""sport"": ""mlb"", ""validated_value"": ""example""}","must match approved source metadata; no raw payloads","true for pregame/context fields; explicit cutoff for in-season fields","structured_wiki_seed","sha256(source_url)","create manual import template and request curated input"
"mlb","city","team","source_url_hash,validated_value,validated_at,source_id","{""field_name"": ""city"", ""source_url_hash"": ""sha256(url)"", ""sport"": ""mlb"", ""validated_value"": ""example""}","must match approved source metadata; no raw payloads","true for pregame/context fields; explicit cutoff for in-season fields","franchises_lahman","sha256(source_url)","refactor schema aliases and revalidate against existing rows"
"mlb","state","venue","source_url_hash,validated_value,validated_at,source_id","{""field_name"": ""state"", ""source_url_hash"": ""sha256(url)"", ""sport"": ""mlb"", ""validated_value"": ""example""}","must match approved source metadata; no raw payloads","true for pregame/context fields; explicit cutoff for in-season fields","stadiums_lahman","sha256(source_url)","promote validated rows into the completed field catalog"
"mlb","roof_type","venue","source_url_hash,validated_value,validated_at,source_id","{""field_name"": ""roof_type"", ""source_url_hash"": ""sha256(url)"", ""sport"": ""mlb"", ""validated_value"": ""example""}","must match approved source metadata; no raw payloads","true for pregame/context fields; explicit cutoff for in-season fields","stadiums_lahman","sha256(source_url)","refactor schema aliases and revalidate against existing rows"
"mlb","temperature","venue","source_url_hash,validated_value,validated_at,source_id","{""field_name"": ""temperature"", ""source_url_hash"": ""sha256(url)"", ""sport"": ""mlb"", ""validated_value"": ""example""}","must match approved source metadata; no raw payloads","true for pregame/context fields; explicit cutoff for in-season fields","weather_mlb_stats_api","sha256(source_url)","promote validated rows into the completed field catalog"
"mlb","wind_speed","venue","source_url_hash,validated_value,validated_at,source_id","{""field_name"": ""wind_speed"", ""source_url_hash"": ""sha256(url)"", ""sport"": ""mlb"", ""validated_value"": ""example""}","must match approved source metadata; no raw payloads","true for pregame/context fields; explicit cutoff for in-season fields","weather_mlb_stats_api","sha256(source_url)","promote validated rows into the completed field catalog"
"mlb","wind_direction","venue","source_url_hash,validated_value,validated_at,source_id","{""field_name"": ""wind_direction"", ""source_url_hash"": ""sha256(url)"", ""sport"": ""mlb"", ""validated_value"": ""example""}","must match approved source metadata; no raw payloads","true for pregame/context fields; explicit cutoff for in-season fields","weather_mlb_stats_api","sha256(source_url)","refactor schema aliases and revalidate against existing rows"
"mlb","humidity","venue","source_url_hash,validated_value,validated_at,source_id","{""field_name"": ""humidity"", ""source_url_hash"": ""sha256(url)"", ""sport"": ""mlb"", ""validated_value"": ""example""}","must match approved source metadata; no raw payloads","true for pregame/context fields; explicit cutoff for in-season fields","weather_mlb_stats_api","sha256(source_url)","refactor schema aliases and revalidate against existing rows"
"mlb","precipitation","venue","source_url_hash,validated_value,validated_at,source_id","{""field_name"": ""precipitation"", ""source_url_hash"": ""sha256(url)"", ""sport"": ""mlb"", ""validated_value"": ""example""}","must match approved source metadata; no raw payloads","true for pregame/context fields; explicit cutoff for in-season fields","weather_mlb_stats_api","sha256(source_url)","refactor schema aliases and revalidate against existing rows"
"mlb","official_id","official","source_url_hash,validated_value,validated_at,source_id","{""field_name"": ""official_id"", ""source_url_hash"": ""sha256(url)"", ""sport"": ""mlb"", ""validated_value"": ""example""}","must match approved source metadata; no raw payloads","true for pregame/context fields; explicit cutoff for in-season fields","umpires_officials_mlb_stats_api","sha256(source_url)","promote validated rows into the completed field catalog"
"mlb","umpire_name","official","source_url_hash,validated_value,validated_at,source_id","{""field_name"": ""umpire_name"", ""source_url_hash"": ""sha256(url)"", ""sport"": ""mlb"", ""validated_value"": ""example""}","must match approved source metadata; no raw payloads","true for pregame/context fields; explicit cutoff for in-season fields","umpires_officials_mlb_stats_api","sha256(source_url)","promote validated rows into the completed field catalog"
"mlb","crew","official","source_url_hash,validated_value,validated_at,source_id","{""field_name"": ""crew"", ""source_url_hash"": ""sha256(url)"", ""sport"": ""mlb"", ""validated_value"": ""example""}","must match approved source metadata; no raw payloads","true for pregame/context fields; explicit cutoff for in-season fields","umpires_officials_mlb_stats_api","sha256(source_url)","refactor schema aliases and revalidate against existing rows"
"mlb","playoff_round","season","source_url_hash,validated_value,validated_at,source_id","{""field_name"": ""playoff_round"", ""source_url_hash"": ""sha256(url)"", ""sport"": ""mlb"", ""validated_value"": ""example""}","must match approved source metadata; no raw payloads","true for pregame/context fields; explicit cutoff for in-season fields","postseason_labels_retrosheet","sha256(source_url)","promote validated rows into the completed field catalog"
"mlb","series_label","season","source_url_hash,validated_value,validated_at,source_id","{""field_name"": ""series_label"", ""source_url_hash"": ""sha256(url)"", ""sport"": ""mlb"", ""validated_value"": ""example""}","must match approved source metadata; no raw payloads","true for pregame/context fields; explicit cutoff for in-season fields","postseason_labels_retrosheet","sha256(source_url)","refactor schema aliases and revalidate against existing rows"
"mlb","postseason_flag","season","source_url_hash,validated_value,validated_at,source_id","{""field_name"": ""postseason_flag"", ""source_url_hash"": ""sha256(url)"", ""sport"": ""mlb"", ""validated_value"": ""example""}","must match approved source metadata; no raw payloads","true for pregame/context fields; explicit cutoff for in-season fields","postseason_labels_retrosheet","sha256(source_url)","promote validated rows into the completed field catalog"
"mlb","wins","game","source_url_hash,validated_value,validated_at,source_id","{""field_name"": ""wins"", ""source_url_hash"": ""sha256(url)"", ""sport"": ""mlb"", ""validated_value"": ""example""}","must match approved source metadata; no raw payloads","true for pregame/context fields; explicit cutoff for in-season fields","standings_mlb_stats_api","sha256(source_url)","promote validated rows into the completed field catalog"
"mlb","losses","game","source_url_hash,validated_value,validated_at,source_id","{""field_name"": ""losses"", ""source_url_hash"": ""sha256(url)"", ""sport"": ""mlb"", ""validated_value"": ""example""}","must match approved source metadata; no raw payloads","true for pregame/context fields; explicit cutoff for in-season fields","standings_mlb_stats_api","sha256(source_url)","promote validated rows into the completed field catalog"
"mlb","division_rank","game","source_url_hash,validated_value,validated_at,source_id","{""field_name"": ""division_rank"", ""source_url_hash"": ""sha256(url)"", ""sport"": ""mlb"", ""validated_value"": ""example""}","must match approved source metadata; no raw payloads","true for pregame/context fields; explicit cutoff for in-season fields","standings_mlb_stats_api","sha256(source_url)","promote validated rows into the completed field catalog"
"mlb","wild_card_rank","game","source_url_hash,validated_value,validated_at,source_id","{""field_name"": ""wild_card_rank"", ""source_url_hash"": ""sha256(url)"", ""sport"": ""mlb"", ""validated_value"": ""example""}","must match approved source metadata; no raw payloads","true for pregame/context fields; explicit cutoff for in-season fields","standings_mlb_stats_api","sha256(source_url)","promote validated rows into the completed field catalog"
"mlb","runs_allowed","game","source_url_hash,validated_value,validated_at,source_id","{""field_name"": ""runs_allowed"", ""source_url_hash"": ""sha256(url)"", ""sport"": ""mlb"", ""validated_value"": ""example""}","must match approved source metadata; no raw payloads","true for pregame/context fields; explicit cutoff for in-season fields","standings_mlb_stats_api","sha256(source_url)","promote validated rows into the completed field catalog"
"mlb","awardID","staff","source_url_hash,validated_value,validated_at,source_id","{""field_name"": ""awardID"", ""source_url_hash"": ""sha256(url)"", ""sport"": ""mlb"", ""validated_value"": ""example""}","must match approved source metadata; no raw payloads","true for pregame/context fields; explicit cutoff for in-season fields","awards_allstar_lahman","sha256(source_url)","refactor schema aliases and revalidate against existing rows"
"mlb","all_star_flag","staff","source_url_hash,validated_value,validated_at,source_id","{""field_name"": ""all_star_flag"", ""source_url_hash"": ""sha256(url)"", ""sport"": ""mlb"", ""validated_value"": ""example""}","must match approved source metadata; no raw payloads","true for pregame/context fields; explicit cutoff for in-season fields","awards_allstar_lahman","sha256(source_url)","refactor schema aliases and revalidate against existing rows"
"mlb","lgID","staff","source_url_hash,validated_value,validated_at,source_id","{""field_name"": ""lgID"", ""source_url_hash"": ""sha256(url)"", ""sport"": ""mlb"", ""validated_value"": ""example""}","must match approved source metadata; no raw payloads","true for pregame/context fields; explicit cutoff for in-season fields","awards_allstar_lahman","sha256(source_url)","promote validated rows into the completed field catalog"
"mlb","round","team","source_url_hash,validated_value,validated_at,source_id","{""field_name"": ""round"", ""source_url_hash"": ""sha256(url)"", ""sport"": ""mlb"", ""validated_value"": ""example""}","must match approved source metadata; no raw payloads","true for pregame/context fields; explicit cutoff for in-season fields","draft_lahman","sha256(source_url)","create manual import template and request curated input"
"mlb","pick","team","source_url_hash,validated_value,validated_at,source_id","{""field_name"": ""pick"", ""source_url_hash"": ""sha256(url)"", ""sport"": ""mlb"", ""validated_value"": ""example""}","must match approved source metadata; no raw payloads","true for pregame/context fields; explicit cutoff for in-season fields","draft_lahman","sha256(source_url)","create manual import template and request curated input"
"mlb","school","team","source_url_hash,validated_value,validated_at,source_id","{""field_name"": ""school"", ""source_url_hash"": ""sha256(url)"", ""sport"": ""mlb"", ""validated_value"": ""example""}","must match approved source metadata; no raw payloads","true for pregame/context fields; explicit cutoff for in-season fields","draft_lahman","sha256(source_url)","create manual import template and request curated input"
"mlb","signed_flag","team","source_url_hash,validated_value,validated_at,source_id","{""field_name"": ""signed_flag"", ""source_url_hash"": ""sha256(url)"", ""sport"": ""mlb"", ""validated_value"": ""example""}","must match approved source metadata; no raw payloads","true for pregame/context fields; explicit cutoff for in-season fields","draft_lahman","sha256(source_url)","create manual import template and request curated input"
"mlb","minor_league_team","game","source_url_hash,validated_value,validated_at,source_id","{""field_name"": ""minor_league_team"", ""source_url_hash"": ""sha256(url)"", ""sport"": ""mlb"", ""validated_value"": ""example""}","must match approved source metadata; no raw payloads","true for pregame/context fields; explicit cutoff for in-season fields","minor_league_links_chadwick","sha256(source_url)","promote validated rows into the completed field catalog"
"mlb","affiliate","game","source_url_hash,validated_value,validated_at,source_id","{""field_name"": ""affiliate"", ""source_url_hash"": ""sha256(url)"", ""sport"": ""mlb"", ""validated_value"": ""example""}","must match approved source metadata; no raw payloads","true for pregame/context fields; explicit cutoff for in-season fields","minor_league_links_chadwick","sha256(source_url)","promote validated rows into the completed field catalog"
"mlb","level","game","source_url_hash,validated_value,validated_at,source_id","{""field_name"": ""level"", ""source_url_hash"": ""sha256(url)"", ""sport"": ""mlb"", ""validated_value"": ""example""}","must match approved source metadata; no raw payloads","true for pregame/context fields; explicit cutoff for in-season fields","minor_league_links_chadwick","sha256(source_url)","promote validated rows into the completed field catalog"
"mlb","launch_speed","player","source_url_hash,validated_value,validated_at,source_id","{""field_name"": ""launch_speed"", ""source_url_hash"": ""sha256(url)"", ""sport"": ""mlb"", ""validated_value"": ""example""}","must match approved source metadata; no raw payloads","true for pregame/context fields; explicit cutoff for in-season fields","statcast_batted_ball_research_lane","sha256(source_url)","keep source disabled and use approved alternatives only"
"mlb","launch_angle","player","source_url_hash,validated_value,validated_at,source_id","{""field_name"": ""launch_angle"", ""source_url_hash"": ""sha256(url)"", ""sport"": ""mlb"", ""validated_value"": ""example""}","must match approved source metadata; no raw payloads","true for pregame/context fields; explicit cutoff for in-season fields","statcast_batted_ball_research_lane","sha256(source_url)","keep source disabled and use approved alternatives only"
"mlb","bb_type","player","source_url_hash,validated_value,validated_at,source_id","{""field_name"": ""bb_type"", ""source_url_hash"": ""sha256(url)"", ""sport"": ""mlb"", ""validated_value"": ""example""}","must match approved source metadata; no raw payloads","true for pregame/context fields; explicit cutoff for in-season fields","statcast_batted_ball_research_lane","sha256(source_url)","keep source disabled and use approved alternatives only"
"mlb","hit_distance_sc","player","source_url_hash,validated_value,validated_at,source_id","{""field_name"": ""hit_distance_sc"", ""source_url_hash"": ""sha256(url)"", ""sport"": ""mlb"", ""validated_value"": ""example""}","must match approved source metadata; no raw payloads","true for pregame/context fields; explicit cutoff for in-season fields","statcast_batted_ball_research_lane","sha256(source_url)","keep source disabled and use approved alternatives only"
"mlb","hc_x","game","source_url_hash,validated_value,validated_at,source_id","{""field_name"": ""hc_x"", ""source_url_hash"": ""sha256(url)"", ""sport"": ""mlb"", ""validated_value"": ""example""}","must match approved source metadata; no raw payloads","true for pregame/context fields; explicit cutoff for in-season fields","statcast_batted_ball_research_lane","sha256(source_url)","keep source disabled and use approved alternatives only"
"mlb","hc_y","game","source_url_hash,validated_value,validated_at,source_id","{""field_name"": ""hc_y"", ""source_url_hash"": ""sha256(url)"", ""sport"": ""mlb"", ""validated_value"": ""example""}","must match approved source metadata; no raw payloads","true for pregame/context fields; explicit cutoff for in-season fields","statcast_batted_ball_research_lane","sha256(source_url)","keep source disabled and use approved alternatives only"
"mlb","moneyline","market","source_url_hash,validated_value,validated_at,source_id","{""field_name"": ""moneyline"", ""source_url_hash"": ""sha256(url)"", ""sport"": ""mlb"", ""validated_value"": ""example""}","must match approved source metadata; no raw payloads","true for pregame/context fields; explicit cutoff for in-season fields","market_odds_blocked","sha256(source_url)","request paid retrieval approval and re-run discovery"
"mlb","spread_line","market","source_url_hash,validated_value,validated_at,source_id","{""field_name"": ""spread_line"", ""source_url_hash"": ""sha256(url)"", ""sport"": ""mlb"", ""validated_value"": ""example""}","must match approved source metadata; no raw payloads","true for pregame/context fields; explicit cutoff for in-season fields","market_odds_blocked","sha256(source_url)","request paid retrieval approval and re-run discovery"
"mlb","total_line","market","source_url_hash,validated_value,validated_at,source_id","{""field_name"": ""total_line"", ""source_url_hash"": ""sha256(url)"", ""sport"": ""mlb"", ""validated_value"": ""example""}","must match approved source metadata; no raw payloads","true for pregame/context fields; explicit cutoff for in-season fields","market_odds_blocked","sha256(source_url)","request paid retrieval approval and re-run discovery"
"mlb","closing_line","market","source_url_hash,validated_value,validated_at,source_id","{""field_name"": ""closing_line"", ""source_url_hash"": ""sha256(url)"", ""sport"": ""mlb"", ""validated_value"": ""example""}","must match approved source metadata; no raw payloads","true for pregame/context fields; explicit cutoff for in-season fields","market_odds_blocked","sha256(source_url)","request paid retrieval approval and re-run discovery"
"mlb","manager_name","team","source_url_hash,validated_value,validated_at,source_id","{""field_name"": ""manager_name"", ""source_url_hash"": ""sha256(url)"", ""sport"": ""mlb"", ""validated_value"": ""example""}","must match approved source metadata; no raw payloads","true for pregame/context fields; explicit cutoff for in-season fields","manual_csv_import","sha256(source_url)","create manual import template and request curated input"
"mlb","role","staff","source_url_hash,validated_value,validated_at,source_id","{""field_name"": ""role"", ""source_url_hash"": ""sha256(url)"", ""sport"": ""mlb"", ""validated_value"": ""example""}","must match approved source metadata; no raw payloads","true for pregame/context fields; explicit cutoff for in-season fields","managers_coaches_mlb_stats_api","sha256(source_url)","create manual import template and request curated input"
"mlb","start_date","staff","source_url_hash,validated_value,validated_at,source_id","{""field_name"": ""start_date"", ""source_url_hash"": ""sha256(url)"", ""sport"": ""mlb"", ""validated_value"": ""example""}","must match approved source metadata; no raw payloads","true for pregame/context fields; explicit cutoff for in-season fields","managers_coaches_mlb_stats_api","sha256(source_url)","create manual import template and request curated input"
"mlb","end_date","staff","source_url_hash,validated_value,validated_at,source_id","{""field_name"": ""end_date"", ""source_url_hash"": ""sha256(url)"", ""sport"": ""mlb"", ""validated_value"": ""example""}","must match approved source metadata; no raw payloads","true for pregame/context fields; explicit cutoff for in-season fields","managers_coaches_mlb_stats_api","sha256(source_url)","create manual import template and request curated input"
"mlb","franchID","team","source_url_hash,validated_value,validated_at,source_id","{""field_name"": ""franchID"", ""source_url_hash"": ""sha256(url)"", ""sport"": ""mlb"", ""validated_value"": ""example""}","must match approved source metadata; no raw payloads","true for pregame/context fields; explicit cutoff for in-season fields","franchises_lahman","sha256(source_url)","promote validated rows into the completed field catalog"
"mlb","team_name","staff","source_url_hash,validated_value,validated_at,source_id","{""field_name"": ""team_name"", ""source_url_hash"": ""sha256(url)"", ""sport"": ""mlb"", ""validated_value"": ""example""}","must match approved source metadata; no raw payloads","true for pregame/context fields; explicit cutoff for in-season fields","official_public_web_research","sha256(source_url)","keep source disabled and use approved alternatives only"
"mlb","active","team","source_url_hash,validated_value,validated_at,source_id","{""field_name"": ""active"", ""source_url_hash"": ""sha256(url)"", ""sport"": ""mlb"", ""validated_value"": ""example""}","must match approved source metadata; no raw payloads","true for pregame/context fields; explicit cutoff for in-season fields","franchises_lahman","sha256(source_url)","promote validated rows into the completed field catalog"
"mlb","first_year","team","source_url_hash,validated_value,validated_at,source_id","{""field_name"": ""first_year"", ""source_url_hash"": ""sha256(url)"", ""sport"": ""mlb"", ""validated_value"": ""example""}","must match approved source metadata; no raw payloads","true for pregame/context fields; explicit cutoff for in-season fields","franchises_lahman","sha256(source_url)","refactor schema aliases and revalidate against existing rows"
"mlb","last_year","team","source_url_hash,validated_value,validated_at,source_id","{""field_name"": ""last_year"", ""source_url_hash"": ""sha256(url)"", ""sport"": ""mlb"", ""validated_value"": ""example""}","must match approved source metadata; no raw payloads","true for pregame/context fields; explicit cutoff for in-season fields","franchises_lahman","sha256(source_url)","refactor schema aliases and revalidate against existing rows"
"mlb","nickname","team","source_url_hash,validated_value,validated_at,source_id","{""field_name"": ""nickname"", ""source_url_hash"": ""sha256(url)"", ""sport"": ""mlb"", ""validated_value"": ""example""}","must match approved source metadata; no raw payloads","true for pregame/context fields; explicit cutoff for in-season fields","franchises_lahman","sha256(source_url)","refactor schema aliases and revalidate against existing rows"
"mlb","key_mlbam","game","source_url_hash,validated_value,validated_at,source_id","{""field_name"": ""key_mlbam"", ""source_url_hash"": ""sha256(url)"", ""sport"": ""mlb"", ""validated_value"": ""example""}","must match approved source metadata; no raw payloads","true for pregame/context fields; explicit cutoff for in-season fields","people_identifiers_chadwick","sha256(source_url)","promote validated rows into the completed field catalog"
"mlb","key_retro","game","source_url_hash,validated_value,validated_at,source_id","{""field_name"": ""key_retro"", ""source_url_hash"": ""sha256(url)"", ""sport"": ""mlb"", ""validated_value"": ""example""}","must match approved source metadata; no raw payloads","true for pregame/context fields; explicit cutoff for in-season fields","people_identifiers_chadwick","sha256(source_url)","promote validated rows into the completed field catalog"
"mlb","key_bbref","game","source_url_hash,validated_value,validated_at,source_id","{""field_name"": ""key_bbref"", ""source_url_hash"": ""sha256(url)"", ""sport"": ""mlb"", ""validated_value"": ""example""}","must match approved source metadata; no raw payloads","true for pregame/context fields; explicit cutoff for in-season fields","people_identifiers_chadwick","sha256(source_url)","promote validated rows into the completed field catalog"
"mlb","key_fangraphs","game","source_url_hash,validated_value,validated_at,source_id","{""field_name"": ""key_fangraphs"", ""source_url_hash"": ""sha256(url)"", ""sport"": ""mlb"", ""validated_value"": ""example""}","must match approved source metadata; no raw payloads","true for pregame/context fields; explicit cutoff for in-season fields","people_identifiers_chadwick","sha256(source_url)","promote validated rows into the completed field catalog"
"mlb","name_first","game","source_url_hash,validated_value,validated_at,source_id","{""field_name"": ""name_first"", ""source_url_hash"": ""sha256(url)"", ""sport"": ""mlb"", ""validated_value"": ""example""}","must match approved source metadata; no raw payloads","true for pregame/context fields; explicit cutoff for in-season fields","people_identifiers_chadwick","sha256(source_url)","promote validated rows into the completed field catalog"
"mlb","name_last","game","source_url_hash,validated_value,validated_at,source_id","{""field_name"": ""name_last"", ""source_url_hash"": ""sha256(url)"", ""sport"": ""mlb"", ""validated_value"": ""example""}","must match approved source metadata; no raw payloads","true for pregame/context fields; explicit cutoff for in-season fields","people_identifiers_chadwick","sha256(source_url)","promote validated rows into the completed field catalog"
"mlb","wikidata_qid","game","source_url_hash,validated_value,validated_at,source_id","{""field_name"": ""wikidata_qid"", ""source_url_hash"": ""sha256(url)"", ""sport"": ""mlb"", ""validated_value"": ""example""}","must match approved source metadata; no raw payloads","true for pregame/context fields; explicit cutoff for in-season fields","structured_wiki_seed","sha256(source_url)","create manual import template and request curated input"
"mlb","wikipedia_title","team","source_url_hash,validated_value,validated_at,source_id","{""field_name"": ""wikipedia_title"", ""source_url_hash"": ""sha256(url)"", ""sport"": ""mlb"", ""validated_value"": ""example""}","must match approved source metadata; no raw payloads","true for pregame/context fields; explicit cutoff for in-season fields","structured_wiki_seed","sha256(source_url)","create manual import template and request curated input"
"mlb","label","team","source_url_hash,validated_value,validated_at,source_id","{""field_name"": ""label"", ""source_url_hash"": ""sha256(url)"", ""sport"": ""mlb"", ""validated_value"": ""example""}","must match approved source metadata; no raw payloads","true for pregame/context fields; explicit cutoff for in-season fields","structured_wiki_seed","sha256(source_url)","create manual import template and request curated input"
"mlb","official_website","team","source_url_hash,validated_value,validated_at,source_id","{""field_name"": ""official_website"", ""source_url_hash"": ""sha256(url)"", ""sport"": ""mlb"", ""validated_value"": ""example""}","must match approved source metadata; no raw payloads","true for pregame/context fields; explicit cutoff for in-season fields","structured_wiki_seed","sha256(source_url)","create manual import template and request curated input"
"mlb","inception","team","source_url_hash,validated_value,validated_at,source_id","{""field_name"": ""inception"", ""source_url_hash"": ""sha256(url)"", ""sport"": ""mlb"", ""validated_value"": ""example""}","must match approved source metadata; no raw payloads","true for pregame/context fields; explicit cutoff for in-season fields","structured_wiki_seed","sha256(source_url)","create manual import template and request curated input"
"mlb","dissolution","team","source_url_hash,validated_value,validated_at,source_id","{""field_name"": ""dissolution"", ""source_url_hash"": ""sha256(url)"", ""sport"": ""mlb"", ""validated_value"": ""example""}","must match approved source metadata; no raw payloads","true for pregame/context fields; explicit cutoff for in-season fields","structured_wiki_seed","sha256(source_url)","create manual import template and request curated input"
"mlb","page_url","staff","source_url_hash,validated_value,validated_at,source_id","{""field_name"": ""page_url"", ""source_url_hash"": ""sha256(url)"", ""sport"": ""mlb"", ""validated_value"": ""example""}","must match approved source metadata; no raw payloads","true for pregame/context fields; explicit cutoff for in-season fields","official_public_web_research","sha256(source_url)","keep source disabled and use approved alternatives only"
"mlb","page_title","staff","source_url_hash,validated_value,validated_at,source_id","{""field_name"": ""page_title"", ""source_url_hash"": ""sha256(url)"", ""sport"": ""mlb"", ""validated_value"": ""example""}","must match approved source metadata; no raw payloads","true for pregame/context fields; explicit cutoff for in-season fields","official_public_web_research","sha256(source_url)","keep source disabled and use approved alternatives only"
"mlb","press_release_date","staff","source_url_hash,validated_value,validated_at,source_id","{""field_name"": ""press_release_date"", ""source_url_hash"": ""sha256(url)"", ""sport"": ""mlb"", ""validated_value"": ""example""}","must match approved source metadata; no raw payloads","true for pregame/context fields; explicit cutoff for in-season fields","official_public_web_research","sha256(source_url)","keep source disabled and use approved alternatives only"
"mlb","ballpark_name","team","source_url_hash,validated_value,validated_at,source_id","{""field_name"": ""ballpark_name"", ""source_url_hash"": ""sha256(url)"", ""sport"": ""mlb"", ""validated_value"": ""example""}","must match approved source metadata; no raw payloads","true for pregame/context fields; explicit cutoff for in-season fields","manual_csv_import","sha256(source_url)","create manual import template and request curated input"
"mlb","source_label","team","source_url_hash,validated_value,validated_at,source_id","{""field_name"": ""source_label"", ""source_url_hash"": ""sha256(url)"", ""sport"": ""mlb"", ""validated_value"": ""example""}","must match approved source metadata; no raw payloads","true for pregame/context fields; explicit cutoff for in-season fields","manual_csv_import","sha256(source_url)","create manual import template and request curated input"
"mlb","source_license","team","source_url_hash,validated_value,validated_at,source_id","{""field_name"": ""source_license"", ""source_url_hash"": ""sha256(url)"", ""sport"": ""mlb"", ""validated_value"": ""example""}","must match approved source metadata; no raw payloads","true for pregame/context fields; explicit cutoff for in-season fields","manual_csv_import","sha256(source_url)","create manual import template and request curated input"
"mlb","team","team","source_url_hash,validated_value,validated_at,source_id","{""field_name"": ""team"", ""source_url_hash"": ""sha256(url)"", ""sport"": ""mlb"", ""validated_value"": ""example""}","must match approved source metadata; no raw payloads","true for pregame/context fields; explicit cutoff for in-season fields","manual_csv_import","sha256(source_url)","create manual import template and request curated input"
"mlb","injury_status","team","source_url_hash,validated_value,validated_at,source_id","{""field_name"": ""injury_status"", ""source_url_hash"": ""sha256(url)"", ""sport"": ""mlb"", ""validated_value"": ""example""}","must match approved source metadata; no raw payloads","true for pregame/context fields; explicit cutoff for in-season fields","manual_csv_import","sha256(source_url)","create manual import template and request curated input"
"mlb","lineup_slot","team","source_url_hash,validated_value,validated_at,source_id","{""field_name"": ""lineup_slot"", ""source_url_hash"": ""sha256(url)"", ""sport"": ""mlb"", ""validated_value"": ""example""}","must match approved source metadata; no raw payloads","true for pregame/context fields; explicit cutoff for in-season fields","manual_csv_import","sha256(source_url)","create manual import template and request curated input"
