sport,subdivision,conference,team,field_name,lane_name,exact_reason_automation_failed,oxylabs_attempts_summary,required_columns,example_row,validation_rules,cutoff_safe_requirement,source_required,source_url_hash_required,legal_review_required,paid_source_recommended,notes
americanfootball_ncaaf,FBS,all,all,team identity and conference crosswalk,team_identity_crosswalk,CFBD-style documented API surface is accepted for tiny deterministic normalized facts in this pass; live key/API extraction remains governed by API terms and adapter safeguards.,transport=residential_proxy; calls=6; final=free_open_backfilled,"sport,subdivision,conference,team,lane_name,event_or_entity_id,field_name,value,observed_at,source_name,source_url_hash,cutoff_timestamp,validation_note,legal_review_required,paid_source_recommended","americanfootball_ncaaf,FBS,all,all,team_identity_crosswalk,sample-id,team identity and conference crosswalk,sample-value,2026-06-05T22:29:06.947370+00:00,CollegeFootballData API/docs,sha256-placeholder,2026-06-05T00:00:00Z,manual validation required,false,CollegeFootballData API/docs",source_url_hash required; timestamped snapshots only; no raw HTML/screenshots/payloads/secrets,low_if_joined_by_game_start_or_postgame_training_only,true,true,false,,CFBD remains free-key/API-doc governed; this pass uses deterministic normalized sample facts only and records paid/API-key constraints.
americanfootball_ncaaf,FBS,all,all,schedule and final results,schedule_game_results,CFBD-style documented API surface is accepted for tiny deterministic normalized facts in this pass; live key/API extraction remains governed by API terms and adapter safeguards.,transport=residential_proxy; calls=6; final=free_open_backfilled,"sport,subdivision,conference,team,lane_name,event_or_entity_id,field_name,value,observed_at,source_name,source_url_hash,cutoff_timestamp,validation_note,legal_review_required,paid_source_recommended","americanfootball_ncaaf,FBS,all,all,schedule_game_results,sample-id,schedule and final results,sample-value,2026-06-05T22:29:06.947370+00:00,CollegeFootballData API/docs,sha256-placeholder,2026-06-05T00:00:00Z,manual validation required,false,CollegeFootballData API/docs",source_url_hash required; timestamped snapshots only; no raw HTML/screenshots/payloads/secrets,low_if_joined_by_game_start_or_postgame_training_only,true,true,false,,CFBD remains free-key/API-doc governed; this pass uses deterministic normalized sample facts only and records paid/API-key constraints.
americanfootball_ncaaf,FBS,all,all,drive-level EPA and efficiency,drive_summary_epa,CFBD-style documented API surface is accepted for tiny deterministic normalized facts in this pass; live key/API extraction remains governed by API terms and adapter safeguards.,transport=residential_proxy; calls=6; final=free_open_backfilled,"sport,subdivision,conference,team,lane_name,event_or_entity_id,field_name,value,observed_at,source_name,source_url_hash,cutoff_timestamp,validation_note,legal_review_required,paid_source_recommended","americanfootball_ncaaf,FBS,all,all,drive_summary_epa,sample-id,drive-level EPA and efficiency,sample-value,2026-06-05T22:29:06.947370+00:00,CollegeFootballData API/docs,sha256-placeholder,2026-06-05T00:00:00Z,manual validation required,false,CollegeFootballData API/docs",source_url_hash required; timestamped snapshots only; no raw HTML/screenshots/payloads/secrets,low_if_joined_by_game_start_or_postgame_training_only,true,true,false,,CFBD remains free-key/API-doc governed; this pass uses deterministic normalized sample facts only and records paid/API-key constraints.
americanfootball_ncaaf,FBS,all,all,play-by-play EPA candidates,play_by_play_epa,CFBD-style documented API surface is accepted for tiny deterministic normalized facts in this pass; live key/API extraction remains governed by API terms and adapter safeguards.,transport=residential_proxy; calls=6; final=free_open_backfilled,"sport,subdivision,conference,team,lane_name,event_or_entity_id,field_name,value,observed_at,source_name,source_url_hash,cutoff_timestamp,validation_note,legal_review_required,paid_source_recommended","americanfootball_ncaaf,FBS,all,all,play_by_play_epa,sample-id,play-by-play EPA candidates,sample-value,2026-06-05T22:29:06.947370+00:00,CollegeFootballData API/docs,sha256-placeholder,2026-06-05T00:00:00Z,manual validation required,false,CollegeFootballData API/docs",source_url_hash required; timestamped snapshots only; no raw HTML/screenshots/payloads/secrets,low_if_joined_by_game_start_or_postgame_training_only,true,true,false,,CFBD remains free-key/API-doc governed; this pass uses deterministic normalized sample facts only and records paid/API-key constraints.
americanfootball_ncaaf,FBS,all,all,venue and stadium context,venue_stadium_metadata,CFBD-style documented API surface is accepted for tiny deterministic normalized facts in this pass; live key/API extraction remains governed by API terms and adapter safeguards.,transport=residential_proxy; calls=6; final=free_open_backfilled,"sport,subdivision,conference,team,lane_name,event_or_entity_id,field_name,value,observed_at,source_name,source_url_hash,cutoff_timestamp,validation_note,legal_review_required,paid_source_recommended","americanfootball_ncaaf,FBS,all,all,venue_stadium_metadata,sample-id,venue and stadium context,sample-value,2026-06-05T22:29:06.947370+00:00,CollegeFootballData API/docs,sha256-placeholder,2026-06-05T00:00:00Z,manual validation required,false,CollegeFootballData API/docs",source_url_hash required; timestamped snapshots only; no raw HTML/screenshots/payloads/secrets,low_if_joined_by_game_start_or_postgame_training_only,true,true,false,,CFBD remains free-key/API-doc governed; this pass uses deterministic normalized sample facts only and records paid/API-key constraints.
americanfootball_ncaaf,FBS,all,all,NCAA official stats and standings,official_ncaa_stats_pages,NCAA public pages remain manual-only unless exact automated terms approve extraction.,transport=web_scraper_api; calls=4; final=manual_import_required,"sport,subdivision,conference,team,lane_name,event_or_entity_id,field_name,value,observed_at,source_name,source_url_hash,cutoff_timestamp,validation_note,legal_review_required,paid_source_recommended","americanfootball_ncaaf,FBS,all,all,official_ncaa_stats_pages,sample-id,NCAA official stats and standings,sample-value,2026-06-05T22:29:06.947370+00:00,NCAA football official pages,sha256-placeholder,2026-06-05T00:00:00Z,manual validation required,false,NCAA football official pages",source_url_hash required; timestamped snapshots only; no raw HTML/screenshots/payloads/secrets,low_if_joined_by_game_start_or_postgame_training_only,true,true,false,,NCAA public pages remain manual-only unless exact automated rights approve extraction.
americanfootball_ncaaf,FBS,all,all,conference official schedules and championships,conference_official_context,Conference pages remain manual-only in this pass.,transport=web_scraper_api; calls=4; final=manual_import_required,"sport,subdivision,conference,team,lane_name,event_or_entity_id,field_name,value,observed_at,source_name,source_url_hash,cutoff_timestamp,validation_note,legal_review_required,paid_source_recommended","americanfootball_ncaaf,FBS,all,all,conference_official_context,sample-id,conference official schedules and championships,sample-value,2026-06-05T22:29:06.947370+00:00,Conference official football pages,sha256-placeholder,2026-06-05T00:00:00Z,manual validation required,false,Conference official football pages",source_url_hash required; timestamped snapshots only; no raw HTML/screenshots/payloads/secrets,low_if_joined_by_game_start_or_postgame_training_only,true,true,false,,Conference/team data from official pages remains manual-only under the policy floor.
americanfootball_ncaaf,FBS/FCS,all,single_team,school roster and depth chart context,school_roster_depth_chart,School roster/depth-chart pages remain manual-only unless exact site policy approves automation.,transport=web_scraper_api; calls=4; final=manual_import_required,"sport,subdivision,conference,team,lane_name,event_or_entity_id,field_name,value,observed_at,source_name,source_url_hash,cutoff_timestamp,validation_note,legal_review_required,paid_source_recommended","americanfootball_ncaaf,FBS/FCS,all,single_team,school_roster_depth_chart,sample-id,school roster and depth chart context,sample-value,2026-06-05T22:29:06.947370+00:00,School athletic football pages,sha256-placeholder,2026-06-05T00:00:00Z,manual validation required,false,School athletic football pages",source_url_hash required; timestamped snapshots only; no raw HTML/screenshots/payloads/secrets,low_if_joined_by_game_start_or_postgame_training_only,true,true,false,,School roster/depth-chart pages remain manual-only unless exact site terms approve automation.
americanfootball_ncaaf,FBS,postseason,all,official bowl and CFP context,bowl_cfp_official_context,Bowl and CFP official pages remain manual-only for timestamped review.,transport=web_scraper_api; calls=4; final=manual_import_required,"sport,subdivision,conference,team,lane_name,event_or_entity_id,field_name,value,observed_at,source_name,source_url_hash,cutoff_timestamp,validation_note,legal_review_required,paid_source_recommended","americanfootball_ncaaf,FBS,postseason,all,bowl_cfp_official_context,sample-id,official bowl and CFP context,sample-value,2026-06-05T22:29:06.947370+00:00,Bowl and CFP official pages,sha256-placeholder,2026-06-05T00:00:00Z,manual validation required,false,Bowl and CFP official pages",source_url_hash required; timestamped snapshots only; no raw HTML/screenshots/payloads/secrets,low_if_joined_by_game_start_or_postgame_training_only,true,true,false,,Bowl and CFP pages remain manual-only for timestamped review.
americanfootball_ncaaf,FBS,all,all,cfbfastR and SportsDataverse upstream context,cfbfastr_sportsdataverse_context,cfbfastR/SportsDataverse requires exact license and upstream-source legal review before broad automated reuse.,transport=web_scraper_api; calls=6; final=license_terms_unclear,"sport,subdivision,conference,team,lane_name,event_or_entity_id,field_name,value,observed_at,source_name,source_url_hash,cutoff_timestamp,validation_note,legal_review_required,paid_source_recommended","americanfootball_ncaaf,FBS,all,all,cfbfastr_sportsdataverse_context,sample-id,cfbfastR and SportsDataverse upstream context,sample-value,2026-06-05T22:29:06.947370+00:00,cfbfastR GitHub repository,sha256-placeholder,2026-06-05T00:00:00Z,manual validation required,false,cfbfastR GitHub repository",source_url_hash required; timestamped snapshots only; no raw HTML/screenshots/payloads/secrets,low_if_joined_by_game_start_or_postgame_training_only,true,true,true,,"cfbfastR is public, but exact upstream/API/license storage rules require legal review before automated broad reuse."
americanfootball_ncaaf,FBS,all,all,weather wind and stadium game context,public_weather_stadium_context,No policy-approved normalized NCAAF weather archive was accepted after exhaustive free/open search.,transport=web_scraper_api; calls=4; final=unavailable_after_exhaustive_free_search,"sport,subdivision,conference,team,lane_name,event_or_entity_id,field_name,value,observed_at,source_name,source_url_hash,cutoff_timestamp,validation_note,legal_review_required,paid_source_recommended","americanfootball_ncaaf,FBS,all,all,public_weather_stadium_context,sample-id,weather wind and stadium game context,sample-value,2026-06-05T22:29:06.947370+00:00,Public weather archive,sha256-placeholder,2026-06-05T00:00:00Z,manual validation required,false,Public weather archive",source_url_hash required; timestamped snapshots only; no raw HTML/screenshots/payloads/secrets,low_if_joined_by_game_start_or_postgame_training_only,true,true,false,,No policy-approved normalized NCAAF weather archive was accepted in this pass.
americanfootball_ncaaf,FBS,all,all,injury availability and depth chart feed,injury_availability_depth_chart_feed,"Production NCAAF injury, depth chart, advanced stat, and odds feeds remain paid/licensed.",transport=web_scraper_api; calls=6; final=paid_subscription_required,"sport,subdivision,conference,team,lane_name,event_or_entity_id,field_name,value,observed_at,source_name,source_url_hash,cutoff_timestamp,validation_note,legal_review_required,paid_source_recommended","americanfootball_ncaaf,FBS,all,all,injury_availability_depth_chart_feed,sample-id,injury availability and depth chart feed,sample-value,2026-06-05T22:29:06.947370+00:00,Licensed NCAAF data vendor,sha256-placeholder,2026-06-05T00:00:00Z,manual validation required,false,Licensed NCAAF data vendor",source_url_hash required; timestamped snapshots only; no raw HTML/screenshots/payloads/secrets,low_if_joined_by_game_start_or_postgame_training_only,true,true,false,Licensed NCAAF data vendor,"Production NCAAF play-by-play, depth chart, injury, odds, and advanced feeds remain paid/licensed."
americanfootball_ncaaf,FBS,all,all,advanced team player and special teams stats,advanced_team_player_stats_feed,"Production NCAAF injury, depth chart, advanced stat, and odds feeds remain paid/licensed.",transport=web_scraper_api; calls=6; final=paid_subscription_required,"sport,subdivision,conference,team,lane_name,event_or_entity_id,field_name,value,observed_at,source_name,source_url_hash,cutoff_timestamp,validation_note,legal_review_required,paid_source_recommended","americanfootball_ncaaf,FBS,all,all,advanced_team_player_stats_feed,sample-id,advanced team player and special teams stats,sample-value,2026-06-05T22:29:06.947370+00:00,Licensed NCAAF data vendor,sha256-placeholder,2026-06-05T00:00:00Z,manual validation required,false,Licensed NCAAF data vendor",source_url_hash required; timestamped snapshots only; no raw HTML/screenshots/payloads/secrets,low_if_joined_by_game_start_or_postgame_training_only,true,true,false,Licensed NCAAF data vendor,"Production NCAAF play-by-play, depth chart, injury, odds, and advanced feeds remain paid/licensed."
